timestamp,sim_day,sim_hour,zone_temp_c,outdoor_temp_c,zone_rh_percent,zone_co2_ppm,pmv,elec_power_kw,cooling_setpoint_c,heating_setpoint_c,grid_tariff_usd_kwh,grid_carbon_gco2_kwh,mode,agent_action
2026-07-26T20:42:11.005778,1,0.0,23.72,30.87,52.1,476.0,-3.0,44.95,23.0,21.0,0.08,180.0,agent,"Setpoints are maintained within required ranges (Heating: 18-22°C; Cooling: 23-28°C). Heating is set to the maximum allowed value (22.0°C) to satisfy the differential rule (must be ≥1°C below cooling), while keeping cooling at a comfortable baseline. The OFF_PEAK grid tier suggests pre-cooling, and the PMV index (-3.0) is well within acceptable limits. [deadband auto-fix]"
2026-07-26T20:44:44.187883,1,0.25,23.91,30.64,52.2,477.0,-3.0,43.82,23.0,21.5,0.08,180.0,agent,Applying the minimum required differential (1°C) while adhering to heating limits (18-22°C) and preparing for potential afternoon peak cooling based on OFF_PEAK grid tier. [deadband auto-fix]
2026-07-26T20:46:38.514004,1,0.5,24.02,30.4,52.3,478.0,-3.0,42.45,23.0,21.5,0.08,180.0,agent,Setpoints chosen within range and maintain the required minimum differential (H ≥ C - 1). [deadband auto-fix]
2026-07-26T20:48:38.564776,1,0.75,24.07,30.15,52.4,478.0,-3.0,40.9,23.0,21.5,0.08,180.0,agent,
2026-07-26T20:50:39.675956,1,1.0,24.09,29.9,52.5,478.0,-3.0,39.24,23.0,21.5,0.08,180.0,agent,Setpoints adjusted to maintain required differential (≥1°C) while adhering to base ranges and optimizing for comfort given the low PMV index.
2026-07-26T20:53:35.366319,1,1.25,24.2,29.65,52.6,479.0,-3.0,36.62,23.5,22.0,0.08,180.0,agent,
2026-07-26T20:55:29.634328,1,1.5,24.26,29.39,52.7,479.0,-3.0,34.99,23.5,22.0,0.08,180.0,agent,Pre-cooling applied due to OFF_PEAK grid tier requirement.
2026-07-26T20:57:22.171971,1,1.75,24.15,29.13,52.8,478.0,-3.0,34.12,23.0,21.5,0.08,180.0,agent,
2026-07-26T20:59:33.865053,1,2.0,24.06,28.87,52.9,478.0,-3.0,32.13,23.0,21.5,0.08,180.0,agent,"Applying standard ranges (Heating: 18-22°C, Cooling: 23-28°C) and ensuring heating is at least 1°C below cooling. This aligns with the OFF_PEAK strategy to pre-cool the zone. [deadband auto-fix]"
2026-07-26T21:01:53.707980,1,2.25,23.97,28.61,53.0,477.0,-3.0,30.16,23.0,21.5,0.08,180.0,agent,Applying standard comfort ranges while ensuring heating is at least 1°C below cooling and adhering to grid-aware settings. [deadband auto-fix]
2026-07-26T21:03:55.380517,1,2.5,23.9,28.35,53.1,477.0,-3.0,28.21,23.0,21.5,0.08,180.0,agent,
2026-07-26T21:05:54.651468,1,2.75,23.83,28.09,53.2,477.0,-3.0,26.29,23.0,21.5,0.08,180.0,agent,Applying OFF_PEAK pre-cool strategy to target ~21.5°C for cooling and ensuring heating is at least 1°C below cooling. [deadband auto-fix]
2026-07-26T21:07:39.577652,1,3.0,23.63,27.83,53.3,476.0,-3.0,25.26,22.5,21.0,0.08,180.0,agent,
2026-07-26T21:10:10.485888,1,3.25,23.48,27.58,53.3,475.0,-3.0,23.21,22.5,21.0,0.08,180.0,agent,Pre-cooling applied due to OFF_PEAK grid tier (Rule: pre-cool to ~21.5°C).
2026-07-26T21:12:20.624343,1,3.5,23.49,27.34,53.4,475.0,-3.0,20.41,23.0,21.5,0.08,180.0,agent,Setpoints adjusted to meet the heating/cooling differential requirement while adhering to grid OFF_PEAK constraints and maintaining comfort. [deadband auto-fix]
2026-07-26T21:14:24.194381,1,3.75,23.47,27.1,53.4,475.0,-3.0,18.75,23.0,21.5,0.08,180.0,agent,
2026-07-26T21:16:20.056971,1,4.0,23.44,26.87,53.5,475.0,-3.0,19.68,23.0,21.5,0.08,180.0,agent,Pre-cooling initiated due to OFF_PEAK grid tier and low PMV index (-3.0). Setpoints maintain the required >=1°C differential.
2026-07-26T21:18:13.583581,1,4.25,23.4,26.65,53.5,475.0,-3.0,16.78,23.5,21.0,0.08,180.0,agent,
2026-07-26T21:19:54.618783,1,4.5,23.36,26.43,53.5,474.0,-3.0,15.11,23.5,21.0,0.08,180.0,agent,Setpoints are adjusted to maximize cooling comfort (PMV=-3.0) while adhering to range constraints and ensuring heating is at least 1°C below cooling. [deadband auto-fix]
2026-07-26T21:22:19.440543,1,4.75,23.32,26.23,53.6,474.0,-3.0,14.37,23.0,21.5,0.08,180.0,agent,"Setpoints are optimized to meet the heating range (18-22°C), cooling range (23-28°C), and the differential requirement (heating ≥ cooling - 1°C). The pre-cooling strategy for OFF_PEAK is implicitly handled by setting a comfortable, slightly tighter range. [deadband auto-fix]"
2026-07-26T21:24:42.537935,1,5.0,23.27,26.04,53.6,474.0,-3.0,12.76,23.0,21.5,0.08,180.0,agent,
2026-07-26T21:27:06.013125,1,5.25,23.23,25.86,53.6,474.0,-3.0,12.33,23.0,21.5,0.08,180.0,agent,
2026-07-26T21:31:27.999914,1,5.5,23.19,25.69,53.6,473.0,-3.0,12.22,23.0,21.5,0.08,180.0,agent,Setpoints adjusted for OFF_PEAK grid tier and PMV index comfort.
2026-07-26T21:33:32.719293,1,5.75,23.3,25.54,53.7,474.0,-3.0,11.73,23.75,22.0,0.08,180.0,agent,
2026-07-26T21:35:53.844997,1,6.0,23.37,25.4,53.7,474.0,-3.0,11.73,23.75,22.0,0.08,180.0,agent,Setpoints adjusted to adhere to the heating (18-22°C) and cooling (23-28°C) ranges while maintaining the required differential (heating ≥ cooling - 1°C). The low PMV index (-3.0) suggests a preference for cooler temperatures. [deadband auto-fix]
2026-07-26T21:38:22.591797,1,6.25,23.28,25.28,53.7,474.0,-3.0,11.8,23.25,21.5,0.08,180.0,agent,
2026-07-26T21:41:27.852318,1,6.5,23.21,25.17,53.8,474.0,-3.0,11.73,23.25,21.5,0.08,180.0,agent,Pre-cooling applied due to OFF_PEAK grid tier and PMV index (-3.0). Heating setpoint (22.0°C) is maintained within the 18-22°C range and satisfies the minimum 1°C differential requirement relative to cooling.
2026-07-26T21:43:57.519279,1,6.75,23.28,25.08,53.8,474.0,-3.0,11.73,23.75,22.0,0.08,180.0,agent,
2026-07-26T21:47:35.772748,1,7.0,23.35,25.0,53.8,857.0,-3.0,13.8,23.75,22.0,0.08,180.0,agent,Adjusted cooling setpoint to ensure heating is at least 1°C below cooling while maintaining excellent PMV comfort. [deadband auto-fix]
2026-07-26T21:50:47.150884,1,7.25,23.26,24.94,53.8,856.0,-3.0,14.03,23.25,21.5,0.08,180.0,agent,
2026-07-26T21:52:59.952487,1,7.5,23.2,24.9,53.9,856.0,-3.0,13.8,23.25,21.5,0.08,180.0,agent,Applying pre-cooling strategy for OFF_PEAK grid tier and setting heating 1°C below cooling to maintain comfort while adhering to all operational constraints.
2026-07-26T21:55:17.346119,1,7.75,23.28,24.88,53.9,856.0,-3.0,13.8,23.75,22.0,0.08,180.0,agent,
2026-07-26T21:58:11.032089,1,8.0,23.34,24.87,53.9,857.0,-3.0,12.0,23.75,22.0,0.08,180.0,agent,Applied OFF_PEAK pre-cooling strategy and maintained H ≥ C - 1°C constraint while keeping setpoints within comfort ranges. [deadband auto-fix]
2026-07-26T22:00:49.831604,1,8.25,23.25,24.88,54.0,856.0,-3.0,12.01,23.25,21.5,0.08,180.0,agent,
2026-07-26T22:02:45.402761,1,8.5,23.19,24.9,54.0,856.0,-3.0,12.0,23.25,21.5,0.08,180.0,agent,"PMV index is very low (-3.0), allowing for a comfortable cool setting while maintaining the required 1°C differential and respecting heating limits. [deadband auto-fix]"
2026-07-26T22:04:58.624761,1,8.75,23.13,24.94,54.0,856.0,-3.0,14.3,23.0,21.5,0.08,180.0,agent,
2026-07-26T22:06:41.202645,1,9.0,23.09,25.0,54.0,855.0,-3.0,13.59,23.0,21.5,0.08,180.0,agent,Adjusted cooling slightly higher and heating lower to maintain a comfortable differential (1.5°C) while respecting the OFF_PEAK grid tier and optimizing for low PMV index.
2026-07-26T22:08:31.294963,1,9.25,23.19,25.08,54.0,856.0,-3.0,12.0,23.5,22.0,0.08,180.0,agent,
2026-07-26T22:10:41.443123,1,9.5,23.27,25.17,54.0,856.0,-3.0,12.0,23.5,22.0,0.08,180.0,agent,Adjusted cooling to improve comfort (PMV index -3.0) and ensure heating is at least 1°C below cooling while respecting operational ranges.
2026-07-26T22:13:35.834506,1,9.75,23.39,25.28,54.1,857.0,-3.0,12.0,24.0,22.0,0.08,180.0,agent,
2026-07-26T22:15:50.622498,1,10.0,23.49,25.4,54.1,857.0,-3.0,12.0,24.0,22.0,0.18,320.0,agent,Setpoints are adjusted to adhere to the required heating (18-22°C) and cooling (23-28°C) ranges while ensuring heating is at least 1°C below cooling. [deadband auto-fix]
2026-07-26T22:17:55.179543,1,10.25,23.43,25.54,54.2,857.0,-3.0,12.0,23.5,21.5,0.18,320.0,agent,
2026-07-26T22:20:05.881918,1,10.5,23.41,25.69,54.2,857.0,-3.0,12.0,23.5,21.5,0.18,320.0,agent,Setpoints optimized for comfort (low PMV index) while adhering to the heating/cooling differential rule and staying within defined operational ranges. [deadband auto-fix]
2026-07-26T22:22:28.035307,1,10.75,23.35,25.86,54.3,857.0,-3.0,18.25,23.0,21.5,0.18,320.0,agent,
2026-07-26T22:25:18.592522,1,11.0,23.32,26.04,54.3,857.0,-3.0,18.04,23.0,21.5,0.18,320.0,agent,Setpoints adjusted to satisfy the differential rule (Heating ≥ Cooling - 1°C) while adhering to operational ranges. [deadband auto-fix]
2026-07-26T22:27:49.124991,1,11.25,23.31,26.23,54.3,857.0,-3.0,19.5,23.0,21.5,0.18,320.0,agent,
2026-07-26T22:29:43.074964,1,11.5,23.33,26.43,54.3,857.0,-3.0,21.36,23.0,21.5,0.18,320.0,agent,Setpoints adjusted to maintain comfort (PMV -3.0) and adhere to heating/cooling differential rules while respecting the maximum heating limit of 22°C.
2026-07-26T22:32:02.691661,1,11.75,23.48,26.65,54.4,857.0,-3.0,17.16,23.5,22.0,0.18,320.0,agent,
2026-07-26T22:33:45.782678,1,12.0,23.6,26.87,54.5,858.0,-3.0,20.7,23.5,22.0,0.18,320.0,agent,"Setpoints chosen to adhere to the heating (18-22°C) and cooling (23-28°C) ranges while maintaining the required 1°C differential, optimizing for comfort given the low PMV index (-3.0). [deadband auto-fix]"
2026-07-26T22:36:04.506707,1,12.25,23.57,27.1,54.5,858.0,-3.0,31.06,23.0,21.5,0.18,320.0,agent,Setpoints chosen to maintain thermal comfort (low PMV index) while adhering to the required heating/cooling differential and operational ranges. [deadband auto-fix]
2026-07-26T22:39:33.521405,1,12.5,23.57,27.34,54.6,858.0,-3.0,32.99,23.0,21.5,0.18,320.0,agent,"Setpoints chosen within allowed ranges (H: 18-22°C, C: 23-28°C) while maintaining the required differential (H ≥ C - 1). [deadband auto-fix]"
2026-07-26T22:43:02.853524,1,12.75,23.59,27.58,54.6,858.0,-3.0,35.32,23.0,21.5,0.18,320.0,agent,
2026-07-26T22:45:52.070604,1,13.0,23.63,27.83,54.7,858.0,-3.0,37.93,23.0,21.5,0.18,320.0,agent,PMV index is very low (-3.0). Setpoints are adjusted to maintain a minimum 1°C differential while keeping heating within the 18-22°C range and cooling within the 23-28°C range.
